MATCH_ID,PLAYER_NAME,OPPONENT_TEAM,VENUE,MATCH_FORMAT,RUNS_SCORED,BALLS_FACED,FOURS,SIXES
1,SURYAKUMAR YADAV,AFGHANISTAN,ABU DHABI,T20I,0,0,0,0
2,SURYAKUMAR YADAV,AFGHANISTAN,DUBAI,T20I,6,2,0,1
3,SURYAKUMAR YADAV,AFGHANISTAN,BRIDGETOWN,T20I,53,28,5,3
4,SURYAKUMAR YADAV,AUSTRALIA,MOHALI,T20I,46,25,2,4
5,SURYAKUMAR YADAV,AUSTRALIA,NAGPUR,T20I,0,1,0,0
6,SURYAKUMAR YADAV,AUSTRALIA,HAYDERABAD,T20I,69,36,5,5
7,SURYAKUMAR YADAV,AUSTRALIA,VISAKHAPATNAM,T20I,80,42,9,4
8,SURYAKUMAR YADAV,AUSTRALIA,THIRUVANANTHAPURAM,T20I,19,10,0,2
9,SURYAKUMAR YADAV,AUSTRALIA,GUWAHATI,T20I,39,29,5,2
10,SURYAKUMAR YADAV,AUSTRALIA,RAIPUR,T20I,1,2,0,0
11,SURYAKUMAR YADAV,AUSTRALIA,BENGALURU,T20I,5,7,0,0
12,SURYAKUMAR YADAV,AUSTRALIA,GROS ISLET,T20I,31,16,3,2
13,SURYAKUMAR YADAV,AUSTRALIA,CANBERRA,T20I,39,24,3,2
14,SURYAKUMAR YADAV,AUSTRALIA,MELBOURNE,T20I,1,4,0,0
15,SURYAKUMAR YADAV,AUSTRALIA,HOBART,T20I,24,11,1,2
16,SURYAKUMAR YADAV,AUSTRALIA,CARRAR,T20I,20,10,0,2
17,SURYAKUMAR YADAV,BANGLADESH,ADELAIDE,T20I,30,16,4,0
18,SURYAKUMAR YADAV,BANGLADESH,NORTH SOUND,T20I,6,2,0,1
19,SURYAKUMAR YADAV,BANGLADESH,GWALIOR,T20I,29,14,2,3
20,SURYAKUMAR YADAV,BANGLADESH,DELHI,T20I,8,10,1,0
21,SURYAKUMAR YADAV,BANGLADESH,HYDERABAD,T20I,75,35,8,5
22,SURYAKUMAR YADAV,BANGLADESH,DUBAI,T20I,5,11,0,0
23,SURYAKUMAR YADAV,ENGLAND,AHMEDABAD,T20I,0,0,0,0
24,SURYAKUMAR YADAV,ENGLAND,AHMEDABAD,T20I,57,31,6,3
25,SURYAKUMAR YADAV,ENGLAND,AHMEDABAD,T20I,32,17,3,2
26,SURYAKUMAR YADAV,ENGLAND,SOUTHAMPTON,T20I,39,19,4,2
27,SURYAKUMAR YADAV,ENGLAND,BIRMINGHAM,T20I,15,11,2,0
28,SURYAKUMAR YADAV,ENGLAND,NOTTINGHAM,T20I,117,55,14,6
29,SURYAKUMAR YADAV,ENGLAND,ADELAIDE,T20I,14,10,1,1
30,SURYAKUMAR YADAV,ENGLAND,PROVIDENCE,T20I,47,36,4,2
31,SURYAKUMAR YADAV,ENGLAND,EDEN GARDENS,T20I,0,3,0,0
32,SURYAKUMAR YADAV,ENGLAND,CHENNAI,T20I,12,7,3,0
33,SURYAKUMAR YADAV,ENGLAND,RAJKOT,T20I,14,7,1,1
34,SURYAKUMAR YADAV,ENGLAND,PUNE,T20I,0,4,0,0
35,SURYAKUMAR YADAV,ENGLAND,WANKHEDE,T20I,2,3,0,0
36,SURYAKUMAR YADAV,HONG KONG,DUBAI,T20I,68,26,6,6
37,SURYAKUMAR YADAV,IRELAND,DUBLIN,T20I,0,1,0,0
38,SURYAKUMAR YADAV,IRELAND,DUBLIN,T20I,15,5,2,1
39,SURYAKUMAR YADAV,IRELAND,NEW YORK,T20I,2,4,0,0
40,SURYAKUMAR YADAV,NAMIBIA,DUBAI,T20I,25,19,4,0
41,SURYAKUMAR YADAV,NAMIBIA,DELHI,T20I,12,13,0,1
42,SURYAKUMAR YADAV,NETHERLANDS,SYDNEY,T20I,51,25,7,1
43,SURYAKUMAR YADAV,NETHERLANDS,AHMEDABAD,T20I,34,28,2,1
44,SURYAKUMAR YADAV,NEW ZEALAND,RANCHI,T20I,47,34,6,2
45,SURYAKUMAR YADAV,NEW ZEALAND,LUCKNOW,T20I,26,31,1,0
46,SURYAKUMAR YADAV,NEW ZEALAND,AHMEDABAD,T20I,24,13,1,2
47,SURYAKUMAR YADAV,NEW ZEALAND,NAGPUR,T20I,32,22,4,1
48,SURYAKUMAR YADAV,NEW ZEALAND,RAIPUR,T20I,82,37,9,4
49,SURYAKUMAR YADAV,NEW ZEALAND,GUWAHATI,T20I,57,26,6,3
50,SURYAKUMAR YADAV,NEW ZEALAND,VISAKHAPATNAM,T20I,8,8,2,0
51,SURYAKUMAR YADAV,NEW ZEALAND,THIRUVANANTHAPURAM,T20I,63,30,4,6
52,SURYAKUMAR YADAV,SRI LANKA,WANKHEDE,T20I,7,10,1,0
53,SURYAKUMAR YADAV,SRI LANKA,PUNE,T20I,51,36,3,3
54,SURYAKUMAR YADAV,SRI LANKA,RAJKOT,T20I,112,51,7,9
55,SURYAKUMAR YADAV,SRI LANKA,PALLEKELE,T20I,58,26,8,2
56,SURYAKUMAR YADAV,SRI LANKA,PALLEKELE,T20I,26,12,4,1
57,SURYAKUMAR YADAV,SRI LANKA,PALLEKELE,T20I,8,9,1,0
58,SURYAKUMAR YADAV,SRI LANKA,DUBAI,T20I,12,13,1,0
59,SURYAKUMAR YADAV,PAKISTAN,DUBAI,T20I,11,8,1,1
60,SURYAKUMAR YADAV,PAKISTAN,DUBAI,T20I,18,18,1,0
61,SURYAKUMAR YADAV,PAKISTAN,DUBAI,T20I,13,10,2,0
62,SURYAKUMAR YADAV,PAKISTAN,MELBOURNE,T20I,15,10,2,0
63,SURYAKUMAR YADAV,PAKISTAN,NEW YORK,T20I,7,8,1,0
64,SURYAKUMAR YADAV,PAKISTAN,DUBAI,T20I,47,37,5,1
65,SURYAKUMAR YADAV,PAKISTAN,DUBAI,T20I,0,3,0,0
66,SURYAKUMAR YADAV,PAKISTAN,DUBAI,T20I,1,5,0,0
67,SURYAKUMAR YADAV,PAKISTAN,COLOMBO,T20I,32,29,3,0
68,SURYAKUMAR YADAV,SOUTH AFRICA,DURBAN,T20I,21,17,2,1
69,SURYAKUMAR YADAV,SOUTH AFRICA,DQEBERHA,T20I,4,9,0,0
70,SURYAKUMAR YADAV,SOUTH AFRICA,CENTURION,T20I,1,4,0,0
71,SURYAKUMAR YADAV,SOUTH AFRICA,CUTTACK,T20I,12,11,2,0
72,SURYAKUMAR YADAV,SOUTH AFRICA,NEW CHANDIGARH,T20I,5,4,1,0
73,SURYAKUMAR YADAV,SOUTH AFRICA,DHARAMSALA,T20I,12,11,2,0
74,SURYAKUMAR YADAV,SOUTH AFRICA,AHMEDABAD,T20I,5,7,0,0
75,SURYAKUMAR YADAV,SOUTH AFRICA,AHMEDABAD,T20I,18,22,2,0
76,SURYAKUMAR YADAV,U.S.A,NEW YORK,T20I,50,49,2,2
77,SURYAKUMAR YADAV,U.S.A,WANKHEDE,T20I,84,49,10,4
78,SURYAKUMAR YADAV,WEST INDIES,BASSETERRE,T20I,11,6,0,1
79,SURYAKUMAR YADAV,WEST INDIES,BASSETERRE,T20I,76,44,8,4
80,SURYAKUMAR YADAV,WEST INDIES,LAUDERHILL,T20I,24,14,1,2
81,SURYAKUMAR YADAV,WEST INDIES,TAROUBA,T20I,21,21,2,1
82,SURYAKUMAR YADAV,WEST INDIES,PROVIDENCE,T20I,1,3,0,0
83,SURYAKUMAR YADAV,WEST INDIES,PROVIDENCE,T20I,83,44,10,4
84,SURYAKUMAR YADAV,WEST INDIES,LAUDERHILL,T20I,0,0,0,0
85,SURYAKUMAR YADAV,WEST INDIES,LAUDERHILL,T20I,61,45,4,3
86,SURYAKUMAR YADAV,WEST INDIES,EDEN GARDENS,T20I,18,16,1,1
87,SURYAKUMAR YADAV,AUSTRALIA,WANKHEDE,ODI,0,1,0,0
88,SURYAKUMAR YADAV,AUSTRALIA,VISAKHAPATNAM,ODI,0,1,0,0
89,SURYAKUMAR YADAV,AUSTRALIA,CHENNAI,ODI,0,1,0,0
90,SURYAKUMAR YADAV,AUSTRALIA,MOHALI,ODI,50,49,5,1
91,SURYAKUMAR YADAV,AUSTRALIA,INDORE,ODI,72,37,6,6
92,SURYAKUMAR YADAV,AUSTRALIA,RAJKOT,ODI,8,7,1,0
93,SURYAKUMAR YADAV,AUSTRALIA,AHMEDABAD,ODI,18,28,1,0
94,SURYAKUMAR YADAV,BANGLADESH,COLOMBO,ODI,26,34,3,0
95,SURYAKUMAR YADAV,ENGLAND,THW OVAL,ODI,0,0,0,0
96,SURYAKUMAR YADAV,ENGLAND,LORD'S,ODI,27,29,1,1
97,SURYAKUMAR YADAV,ENGLAND,MANCHESTER,ODI,16,28,1,0
98,SURYAKUMAR YADAV,ENGLAND,LUCKNOW,ODI,49,47,4,1
99,SURYAKUMAR YADAV,NETHERLANDS,BENGALURU,ODI,2,1,0,0
100,SURYAKUMAR YADAV,NEW ZEALAND,HYDERABAD,ODI,31,26,4,0
101,SURYAKUMAR YADAV,NEW ZEALAND,RAIPUR,ODI,0,0,0,0
102,SURYAKUMAR YADAV,NEW ZEALAND,INDORE,ODI,14,9,0,2
103,SURYAKUMAR YADAV,NEW ZEALAND,DHARAMSALA,ODI,2,4,0,0
104,SURYAKUMAR YADAV,NEW ZEALAND,WANKHEDE,ODI,1,2,0,0
105,SURYAKUMAR YADAV,SOUTH AFRICA,CAPE TOWN,ODI,39,32,4,1
106,SURYAKUMAR YADAV,SOUTH AFRICA,EDEN GARDENS,ODI,22,14,5,0
107,SURYAKUMAR YADAV,SRI LANKA,COLOMBO,ODI,31,20,5,0
108,SURYAKUMAR YADAV,SRI LANKA,COLOMBO,ODI,53,44,6,0
109,SURYAKUMAR YADAV,SRI LANKA,COLOMBO,ODI,40,37,7,0
110,SURYAKUMAR YADAV,SRI LANKA,THIRUVANANTHAPURAM,ODI,4,4,0,0
111,SURYAKUMAR YADAV,SRI LANKA,WANKHEDE,ODI,12,9,2,0
112,SURYAKUMAR YADAV,WEST INDIES,AHMEDABAD,ODI,34,36,5,0
113,SURYAKUMAR YADAV,WEST INDIES,AHMEDABAD,ODI,64,83,5,0
114,SURYAKUMAR YADAV,WEST INDIES,AHMEDABAD,ODI,6,7,1,0
115,SURYAKUMAR YADAV,WEST INDIES,PORT OF SPAIN,ODI,13,14,2,0
116,SURYAKUMAR YADAV,WEST INDIES,PORT OF SPAIN,ODI,9,8,0,1
117,SURYAKUMAR YADAV,WEST INDIES,PORT OF SPAIN,ODI,8,6,1,0
118,SURYAKUMAR YADAV,WEST INDIES,BRIDGETOWN,ODI,19,25,3,1
119,SURYAKUMAR YADAV,WEST INDIES,BRIDGETOWN,ODI,24,25,3,0
120,SURYAKUMAR YADAV,WEST INDIES,TAROUBA,ODI,35,30,2,2
121,SHUBHMAN GILL,AFGHANISTAN,MOHALI,T20I,23,12,5,0
122,SHUBHMAN GILL,AUSTRALIA,MELBOURNE,T20I,5,10,0,0
123,SHUBHMAN GILL,AUSTRALIA,CANBERRA,T20I,37,20,4,1
124,SHUBHMAN GILL,AUSTRALIA,HOBART,T20I,15,12,1,0
125,SHUBHMAN GILL,AUSTRALIA,CARRARA,T20I,46,39,4,1
126,SHUBHMAN GILL,AUSTRALIA,BRISBANE,T20I,29,16,6,0
127,SHUBHMAN GILL,BANGLADESH,DUBAI,T20I,29,19,2,1
128,SHUBHMAN GILL,NEW ZEALAND,RANCHI,T20I,7,6,1,0
129,SHUBHMAN GILL,NEW ZEALAND,LUCKNOW,T20I,11,9,2,0
130,SHUBHMAN GILL,NEW ZEALAND,AHMEDABAD,T20I,126,63,12,7
131,SHUBHMAN GILL,PAKISTAN,DUBAI,T20I,10,7,2,0
132,SHUBHMAN GILL,PAKISTAN,DUBAI,T20I,47,28,8,0
133,SHUBHMAN GILL,PAKISTAN,DUBAI,T20I,12,10,1,0
134,SHUBHMAN GILL,SOUTH AFRICA,GQEBERHA,T20I,0,2,0,0
135,SHUBHMAN GILL,SOUTH AFRICA,JOHANNESBURG,T20I,8,6,2,0
136,SHUBHMAN GILL,SOUTH AFRICA,CUTTACK,T20I,4,2,1,0
137,SHUBHMAN GILL,SOUTH AFRICA,NEW CHANDIGARH,T20I,0,1,0,0
138,SHUBHMAN GILL,SOUTH AFRICA,DHARAMSALA,T20I,28,28,5,0
139,SHUBHMAN GILL,SRI LANKA,WANKHEDE,T20I,7,5,1,0
140,SHUBHMAN GILL,SRI LANKA,PUNE,T20I,5,3,1,0
141,SHUBHMAN GILL,SRI LANKA,RAJKOT,T20I,46,36,2,3
142,SHUBHMAN GILL,SRI LANKA,PALLEKELE,T20I,34,16,6,1
143,SHUBHMAN GILL,SRI LANKA,PALLEKELE,T20I,39,37,3,0
144,SHUBHMAN GILL,SRI LANKA,DUBAI,T20I,4,3,1,0
145,SHUBHMAN GILL,WEST INDIES,TAROUBA,T20I,3,9,0,0
146,SHUBHMAN GILL,WEST INDIES,PROVIDENCE,T20I,7,9,0,1
147,SHUBHMAN GILL,WEST INDIES,PROVIDENCE,T20I,6,11,1,0
148,SHUBHMAN GILL,WEST INDIES,LAUDERHILL,T20I,77,47,3,5
149,SHUBHMAN GILL,WEST INDIES,LAUDERHILL,T20I,9,9,1,0
150,SHUBHMAN GILL,AUSTRALIA,MOHALI,ODI,74,63,6,2
151,SHUBHMAN GILL,AUSTRALIA,INDORE,ODI,104,97,6,4
152,SHUBHMAN GILL,AUSTRALIA,AHMEDABAD,ODI,4,7,0,0
153,SHUBHMAN GILL,AUSTRALIA,DUBAI,ODI,8,11,1,0
154,SHUBHMAN GILL,AUSTRALIA,PERTH,ODI,10,18,2,0
155,SHUBHMAN GILL,AUSTRALIA,ADELAIDE,ODI,9,9,1,0
156,SHUBHMAN GILL,AUSTRALIA,SYDNEY,ODI,24,26,2,1
157,SHUBHMAN GILL,BANGLADESH,COLOMBO,ODI,121,133,8,5
158,SHUBHMAN GILL,BANGLADESH,PUNE,ODI,53,55,5,2
159,SHUBHMAN GILL,BANGLADESH,DUBAI,ODI,101,129,9,2
160,SHUBHMAN GILL,ENGLAND,LUCKNOW,ODI,9,13,1,0
161,SHUBHMAN GILL,ENGLAND,NAGPUR,ODI,87,96,14,0
162,SHUBHMAN GILL,ENGLAND,CUTTACK,ODI,60,52,9,1
163,SHUBHMAN GILL,ENGLAND,AHMEDABAD,ODI,112,102,14,3
164,SHUBHMAN GILL,NEW ZEALAND,DHARAMSALA,ODI,26,31,5,0
165,SHUBHMAN GILL,NEW ZEALAND,WANKHEDE,ODI,80,66,8,3
166,SHUBHMAN GILL,NEW ZEALAND,DUBAI,ODI,31,50,0,1
167,SHUBHMAN GILL,NEW ZEALAND,DUBAI,ODI,2,7,0,0
168,SHUBHMAN GILL,NEW ZEALAND,VADODARA,ODI,56,71,3,2
169,SHUBHMAN GILL,NEW ZEALAND,RAJKOT,ODI,56,53,9,1
170,SHUBHMAN GILL,NEW ZEALAND,INDORE,ODI,23,18,4,0
171,SHUBHMAN GILL,PAKISTAN,PALLEKELE,ODI,10,32,1,0
172,SHUBHMAN GILL,PAKISTAN,COLOMBO,ODI,58,52,10,0
173,SHUBHMAN GILL,PAKISTAN,AHMEDABAD,ODI,16,11,4,0
174,SHUBHMAN GILL,PAKISTAN,DUBAI,ODI,46,52,7,0
175,SHUBHMAN GILL,SOUTH AFRICA,LUCKNOW,ODI,3,7,0,0
176,SHUBHMAN GILL,SOUTH AFRICA,RANCHI,ODI,28,26,5,0
177,SHUBHMAN GILL,SOUTH AFRICA,DELHI,ODI,49,57,8,0
178,SHUBHMAN GILL,SOUTH AFRICA,EDEN GARDENS,ODI,23,24,4,1
179,SHUBHMAN GILL,SRI LANKA,COLOMBO,ODI,27,19,6,0
180,SHUBHMAN GILL,SRI LANKA,WANKHEDE,ODI,92,92,11,2
181,SHUBHMAN GILL,SRI LANKA,COLOMBO,ODI,16,35,2,0
182,SHUBHMAN GILL,SRI LANKA,COLOMBO,ODI,35,44,3,0
183,SHUBHMAN GILL,SRI LANKA,COLOMBO,ODI,6,14,0,0
184,SHUBHMAN GILL,WEST INDIES,PORT OF SPAIN,ODI,64,53,6,2
185,SHUBHMAN GILL,WEST INDIES,PORT OF SPAIN,ODI,43,49,5,0
186,SHUBHMAN GILL,WEST INDIES,PORT OF SPAIN,ODI,98,98,7,2
187,SHUBHMAN GILL,WEST INDIES,BRIDGETOWN,ODI,7,16,1,0
188,SHUBHMAN GILL,WEST INDIES,BRIDGETOWN,ODI,34,49,5,0
189,SHUBHMAN GILL,WEST INDIES,TAROUBA,ODI,85,92,11,0
190,SANJU SAMSON,AFGHANISTAN,BENGALURU,T20I,0,1,0,0
191,SANJU SAMSON,AUSTRALIA,CANBERRA,T20I,23,15,1,1
192,SANJU SAMSON,AUSTRALIA,SYDNEY,T20I,15,10,1,1
193,SANJU SAMSON,AUSTRALIA,SYDNEY,T20I,10,9,0,0
194,SANJU SAMSON,AUSTRALIA,CANBERRA,T20I,0,0,0,0
195,SANJU SAMSON,AUSTRALIA,MELBOURNE,T20I,2,4,0,0
196,SANJU SAMSON,BANGLADESH,GWALIOR,T20I,29,19,6,0
197,SANJU SAMSON,BANGLADESH,DELHI,T20I,10,7,2,0
198,SANJU SAMSON,BANGLADESH,HYDERABAD,T20I,111,47,11,8
199,SANJU SAMSON,BANGLADESH,DUBAI,T20I,0,0,0,0
200,SANJU SAMSON,ENGLAND,EDEN GARDEN,T20I,26,20,4,1
201,SANJU SAMSON,ENGLAND,CHENNAI,T20I,5,7,0,0
202,SANJU SAMSON,ENGLAND,RAJKOT,T20I,3,6,0,0
203,SANJU SAMSON,ENGLAND,PUNE,T20I,1,3,0,0
204,SANJU SAMSON,ENGLAND,WANKHEDE,T20I,16,7,1,2
205,SANJU SAMSON,ENGLAND,WANKHEDE,T20I,89,42,8,7
206,SANJU SAMSON,IRELAND,DUBLIN,T20I,77,42,9,4
207,SANJU SAMSON,IRELAND,DUBLIN,T20I,1,1,0,0
208,SANJU SAMSON,IRELAND,DUBLIN,T20I,40,26,5,1
209,SANJU SAMSON,NEW ZEALAND,WELLINGTON,T20I,8,5,0,1
210,SANJU SAMSON,NEW ZEALAND,MOUNT MAUNGANUI,T20I,2,5,0,0
211,SANJU SAMSON,NEW ZEALAND,NAGPUR,T20I,10,7,2,0
212,SANJU SAMSON,NEW ZEALAND,RAIPUR,T20I,6,5,0,1
213,SANJU SAMSON,NEW ZEALAND,GUWAHATI,T20I,0,1,0,0
214,SANJU SAMSON, NEW ZEALAND,VISAKHAPATNAM,T20I,24,15,3,1
215,SANJU SAMSON,NEW ZEALAND,THIRUVANANTHAPURAM,T20I,6,6,1,0
216,SANJU SAMSON,OMAN,ABU DHABI,T20I,56,45,3,3
217,SANJU SAMSON,PAKISTAN,DUBAI,T20I,0,0,0,0
218,SANJU SAMSON,PAKISTAN,DUBAI,T20I,13,17,1,0
219,SANJU SAMSON,PAKISTAN,DUBAI,T20I,24,21,2,1
220,SANJU SAMSON,SOUTH AFRICA,DURBAN,T20I,107,50,7,10
221,SANJU SAMSON,SOUTH AFRICA,GQEBERHA,T20I,0,3,0,0
222,SANJU SAMSON,SOUTH AFRICA,CENTURION,T20I,0,2,0,0
223,SANJU SAMSON,SOUTH AFRICA,JOHANNESBURG,T20I,109,56,6,9
224,SANJU SAMSON,SOUTH AFRICA,AHMEDABAD,T20I,37,22,4,2
225,SANJU SAMSON,SRI LANKA,PUNE,T20I,6,2,0,1
226,SANJU SAMSON,SRI LANKA,COLOMBO,T20I,27,20,2,1
227,SANJU SAMSON,SRI LANKA,COLOMBO,T20I,7,13,0,0
228,SANJU SAMSON,SRI LANKA,COLOMBO,T20I,0,3,0,0
229,SANJU SAMSON,SRI LANKA,LUCKNOW,T20I,0,0,0,0
230,SANJU SAMSON,SRI LANKA,DHARAMSALA,T20I,39,25,2,3
231,SANJU SAMSON,SRI LANKA,DHARAMSALA,T20I,18,12,3,0
232,SANJU SAMSON,SRI LANKA,WANKHEDE,T20I,5,6,0,0
233,SANJU SAMSON,SRI LANKA,PALLEKELE,T20I,0,1,0,0
234,SANJU SAMSON,SRI LANKA,PALLEKELE,T20I,0,4,0,0
235,SANJU SAMSON,SRI LANKA,DUBAI,T20I,39,23,1,3
236,SANJU SAMSON,WEST INDIES,LAUDERHILL,T20I,30,23,2,1
237,SANJU SAMSON,WEST INDIES,LAUDERHILL,T20I,15,11,2,0
238,SANJU SAMSON,WEST INDIES,TAROUBA,T20I,12,12,0,1
239,SANJU SAMSON,WEST INDIES,PROVIDENCE,T20I,7,7,1,0
240,SANJU SAMSON,WEST INDIES,PROVIDENCE,T20I,0,0,0,0
241,SANJU SAMSON,WEST INDIES,LAUDERHILL,T20I,0,0,0,0
242,SANJU SAMSON,WEST INDIES,LAUDERHILL,T20I,13,9,2,0
243,SANJU SAMSON,WEST INDIES,EDEN GARDENS,T20I,97,50,12,4
244,SANJU SAMSON,ZIMBABWE,HARARE,T20I,19,24,1,0
245,SANJU SAMSON,ZIMBABWE,HARARE,T20I,12,7,2,0
246,SANJU SAMSON,ZIMBABWE,HARARE,T20I,0,0,0,0
247,SANJU SAMSON,ZIMBABWE,HARARE,T20I,58,45,1,4
248,SANJU SAMSON,ZIMBABWE,CHENNAI,T20I,24,15,1,2
249,SANJU SAMSON,NEW ZEALAND,AUCKLAND,ODI,36,38,4,0
250,SANJU SAMSON,SOUTH AFRICA,LUCKNOW,ODI,86,63,9,3
251,SANJU SAMSON,SOUTH AFRICA,RANCHI,ODI,30,36,1,1
252,SANJU SAMSON,SOUTH AFRICA,DELHI,ODI,2,4,0,0
253,SANJU SAMSON,SOUTH AFRICA,GQEBERHA,ODI,12,23,1,0
254,SANJU SAMSON,SOUTH AFRICA,PAARI,ODI,108,114,6,3
255,SANJU SAMSON,SRI LANKA,COLOMBO,ODI,46,46,5,1
256,SANJU SAMSON,WEST INDIES,PORT OF SPAIN,ODI,12,18,0,1
257,SANJU SAMSON,WEST INDIES,PORT OF SPAIN,ODI,54,51,3,3
258,SANJU SAMSON,WEST INDIES,PORT OF SPAIN,ODI,6,7,0,0
259,SANJU SAMSON,WEST INDIES,BRIDGETOWN,ODI,9,19,0,0
260,SANJU SAMSON,WEST INDIES,TAROUBA,ODI,51,41,2,4
261,SANJU SAMSON,ZIMBABWE,HARARE,ODI,0,0,0,0
262,SANJU SAMSON,ZIMBABWE,HARARE,ODI,43,39,3,4
263,SANJU SAMSON,ZIMBABWE,HARARE,ODI,15,13,0,2
,,,,,,,,
,,,,,,,,
,,,,,,,,
,,,,,,,,
,,,,,,,,
,,,,,,,,
,,,,,,,,
,,,,,,,,
